EMP_ID,FIRST_NAME,LAST_NAME,EMAIL,JOB_ID,SALARY,COMMISSION_PCT,MGR_ID,DEP_ID
100,Manisha,Yadav,Manishayadav@gmail.com,AD_PRES,24000,0,0,90
101,Bharat,Singh,Bharatsingh@gmail.com,AD_VP,17000,0,100,90
102,Rakesh,Kumar,Rakeshkumar@gmail.com,AD_VP,17000,0,100,90
103,Rajendra,Singh,Rajendrasingh@gmail.com,IT_PROG,9000,0,102,60
104,Kanchan,Bhalla,Kanchanbhalla@gmail.com,IT_PROG,6000,0,103,60
105,Naresh,Verma,Nareshverma@gmail.com,IT_PROG,4800,0,103,60
106,Vikram,Singh,Vikramsingh@gmail.com,IT_PROG,4800,0,103,60
107,Kranti,Kalekar,Krantikalekar@gmail.com,IT_PROG,4200,0,103,60
108,Sanjay,Kumar,Sanjaykumar@gmail.com,FI_MGR,12000,0,101,100
109,Piyush,Kumar,Piyushkumar@gmail.com,FI_ACCOUNT,9000,0,108,100
110,Sweta,Gupta,Swetagupta@gmail.com,FI_ACCOUNT,8200,0,108,100
111,Shyam,Lal,Shyamlal@gmail.com,FI_ACCOUNT,7700,0,108,100
112,Naveen,Bhalla,Naveenbhalla@gmail.com,FI_ACCOUNT,7800,0,108,100
113,Sanjay,Kumar,Sanjaykumar@gmail.com,FI_ACCOUNT,6900,0,108,100
114,Sangeeta,Srivastava,Sangeetasrivastava@gmail.com,PU_MAN,11000,0,100,30
115,Dinesh,Kumar,Dineshkumar@gmail.com,PU_CLERK,3100,0,114,30
116,Manish,Chandra,Manishchandra@gmail.com,PU_CLERK,2900,0,114,30
117,Anu,Pandhi,Anupandhi@gmail.com,PU_CLERK,2800,0,114,30
118,Kamal,Karuna,Kamalkaruna@gmail.com,PU_CLERK,2600,0,114,30
119,Sanjay,Kumar,Sanjaykumar@gmail.com,PU_CLERK,2500,0,114,30
120,Amit,Dubey,Amitdubey@gmail.com,ST_MAN,8000,0,100,50
121,Mukesh,Yadav,Mukeshyadav@gmail.com,ST_MAN,8200,0,100,50
122,Harish,Kumar,Harishkumar@gmail.com,ST_MAN,7900,0,100,50
123,Ankita,Gupta,Ankitagupta@gmail.com,ST_MAN,6500,0,100,50
124,Bhimesh,Saroha,Bhimeshsaroha@gmail.com,ST_MAN,5800,0,100,50
125,Manoj,Kumar,Manojkumar@gmail.com,ST_CLERK,3200,0,120,50
126,Ankit,Jain,Ankitjain@gmail.com,ST_CLERK,2700,0,120,50
127,Vivek,Muskan,Vivekmuskan@gmail.com,ST_CLERK,2400,0,120,50
128,Pradeep,Deswal,Pradeepdeswal@gmail.com,ST_CLERK,2200,0,120,50
129,Om,Prakash,Omprakash@gmail.com,ST_CLERK,3300,0,121,50
130,Kumar,Suraj,Kumarsuraj@gmail.com,ST_CLERK,2800,0,121,50
131,Alka,Kumar,Alkakumar@gmail.com,ST_CLERK,2500,0,121,50
132,Kaveri,Mallik,Kaverimallik@gmail.com,ST_CLERK,2100,0,121,50
133,Shravan,Kumar,Shravankumar@gmail.com,ST_CLERK,3300,0,122,50
134,Priyanka,Rawal,Priyankarawal@gmail.com,ST_CLERK,2900,0,122,50
135,Abhishek,Gautam,Abhishekgautam@gmail.com,ST_CLERK,2400,0,122,50
136,Dimple,Khanna,Dimplekhanna@gmail.com,ST_CLERK,2200,0,122,50
137,Abhinav,Chandra,Abhinavchandra@gmail.com,ST_CLERK,3600,0,123,50
138,Piyush,Kumar,Piyushkumar@gmail.com,ST_CLERK,3200,0,123,50
139,Amit,Kumar,Amitkumar@gmail.com,ST_CLERK,2700,0,123,50
140,Vikas,Jain,Vikasjain@gmail.com,ST_CLERK,2500,0,123,50
141,Lalit,Kumar,Lalitkumar@gmail.com,ST_CLERK,3500,0,124,50
142,Vivek,Singh,Viveksingh@gmail.com,ST_CLERK,3100,0,124,50
143,Mohit,Gupta,Mohitgupta@gmail.com,ST_CLERK,2600,0,124,50
144,Sanket,Kumar,Sanketkumar@gmail.com,ST_CLERK,2500,0,124,50
145,Mamta,Negi,Mamtanegi@gmail.com,SA_MAN,14000,0.4,100,80
146,Jyoti,Yadav,Jyotiyadav@gmail.com,SA_MAN,13500,0.3,100,80
147,Nitin,Bhargava,Nitinbhargava@gmail.com,SA_MAN,12000,0.3,100,80
148,Monika,Solanki,Monikasolanki@gmail.com,SA_MAN,11000,0.3,100,80
149,Rohit,Khatri,Rohitkhatri@gmail.com,SA_MAN,10500,0.2,100,80
150,Umesh,Kumar,Umeshkumar@gmail.com,SA_REP,10000,0.3,145,80
151,Abhishek,Kumar,Abhishekkumar@gmail.com,SA_REP,9500,0.25,145,80
152,Deepa,Yadav,Deepayadav@gmail.com,SA_REP,9000,0.25,145,80
153,Bhagyashree,Katdare,Bhagyashreekatdare@gmail.com,SA_REP,8000,0.2,145,80
154,Rohit,Ranjan,Rohitranjan@gmail.com,SA_REP,7500,0.2,145,80
155,Aishwarya,Mishra,Aishwaryamishra@gmail.com,SA_REP,7000,0.15,145,80
156,Rishabh,Mangal,Rishabhmangal@gmail.com,SA_REP,10000,0.35,146,80
157,Piyush,Agarwal,Piyushagarwal@gmail.com,SA_REP,9500,0.35,146,80
158,Shaleen,Bhola,Shaleenbhola@gmail.com,SA_REP,9000,0.35,146,80
159,Yogesh,Sharma,Yogeshsharma@gmail.com,SA_REP,8000,0.3,146,80
160,Manish,Lall,Manishlall@gmail.com,SA_REP,7500,0.3,146,80
161,Pratima,Bali,Pratimabali@gmail.com,SA_REP,7000,0.25,146,80
162,Rizwan,Athar,Rizwanathar@gmail.com,SA_REP,10500,0.25,147,80
163,Rohit,Gupta,Rohitgupta@gmail.com,SA_REP,9500,0.15,147,80
164,Shashi,Bala,Shashibala@gmail.com,SA_REP,7200,0.1,147,80
165,Aditi,Das,Aditidas@gmail.com,SA_REP,6800,0.1,147,80
166,Vikram,Singh,Vikramsingh@gmail.com,SA_REP,6400,0.1,147,80
167,Rashi,Gupta,Rashigupta@gmail.com,SA_REP,6200,0.1,147,80
168,Neha,Rastogi,Neharastogi@gmail.com,SA_REP,11500,0.25,148,80
169,Tulsi,Singh,Tulsisingh@gmail.com,SA_REP,10000,0.2,148,80
170,Ram,Bhajan,Rambhajan@gmail.com,SA_REP,9600,0.2,148,80
171,Sanjeev,Mangotra,Sanjeevmangotra@gmail.com,SA_REP,7400,0.15,148,80
172,Govind,Kumar,Govindkumar@gmail.com,SA_REP,7300,0.15,148,80
173,Ram,Niwas,Ramniwas@gmail.com,SA_REP,6100,0.1,148,80
174,Manoj,Kumar,Manojkumar@gmail.com,SA_REP,11000,0.3,149,80
175,Narendra,Kumar,Narendrakumar@gmail.com,SA_REP,8800,0.25,149,80
176,Deepak,Phulara,Deepakphulara@gmail.com,SA_REP,8600,0.2,149,80
177,Satish,Kumar,Satishkumar@gmail.com,SA_REP,8400,0.2,149,80
179,Umesh,Kumar,Umeshkumar@gmail.com,SA_REP,6200,0.1,149,80
180,Som,Pal,Sompal@gmail.com,SH_CLERK,3200,0,120,50
181,Sushant,Kumar,Sushantkumar@gmail.com,SH_CLERK,3100,0,120,50
182,Chandra,shekar,Chandrashekar@gmail.com,SH_CLERK,2500,0,120,50
183,Pallav,Kapoor,Pallavkapoor@gmail.com,SH_CLERK,2800,0,120,50
184,Anudeep,Yadav,Anudeepyadav@gmail.com,SH_CLERK,4200,0,121,50
185,Rajesh,Kujur,Rajeshkujur@gmail.com,SH_CLERK,4100,0,121,50
186,Poorva,Mathur,Poorvamathur@gmail.com,SH_CLERK,3400,0,121,50
187,Praveen,Khambra,Praveenkhambra@gmail.com,SH_CLERK,3000,0,121,50
188,Ajit,Singh,Ajitsingh@gmail.com,SH_CLERK,3800,0,122,50
189,Ekta,Madan,Ektamadan@gmail.com,SH_CLERK,3600,0,122,50
190,Rajesh,Kumar,Rajeshkumar@gmail.com,SH_CLERK,2900,0,122,50
191,Saurabh,Garg,Saurabhgarg@gmail.com,SH_CLERK,2500,0,122,50
192,Anshuman,Gupta,Anshumangupta@gmail.com,SH_CLERK,4000,0,123,50
193,Sridhar,Madishetti,Sridharmadishetti@gmail.com,SH_CLERK,3900,0,123,50
194,Bibek,Bishal,Bibekbishal@gmail.com,SH_CLERK,3200,0,123,50
195,Ayush,Khandelwal,Ayushkhandelwal@gmail.com,SH_CLERK,2800,0,123,50
196,Ananya,Pramanik,Ananyapramanik@gmail.com,SH_CLERK,3100,0,124,50
197,Divyanshu,Dubey,Divyanshudubey@gmail.com,SH_CLERK,3000,0,124,50
198,Ashish,Aggarwal,Ashishaggarwal@gmail.com,SH_CLERK,2600,0,124,50
199,Ashok,Yadav,Ashokyadav@gmail.com,SH_CLERK,2600,0,124,50
200,Gunjan,Mahani,Gunjanmahani@gmail.com,AD_ASST,4400,0,101,10
201,Ashish,John,Ashishjohn@gmail.com,MK_MAN,13000,0,100,20
202,Supreet,Kaur,Supreetkaur@gmail.com,MK_REP,6000,0,201,20
203,Ankur,Saligram,Ankursaligram@gmail.com,HR_REP,6500,0,101,40
204,Imran,Khan,Imrankhan@gmail.com,PR_REP,10000,0,101,70
205,Raziya,Banu,Raziyabanu@gmail.com,AC_MGR,12000,0,101,110
206,Arif,Shaik,Arifshaik@gmail.com,AC_ACCOUNT,8300,0,205,110
